Idade,Gênero,Estado Civil,Escolaridade,Ocupação,Renda Mensal,Estado Geral de Saúde,Condições de Saúde,Horas de Sono,Refeições por Dia,Atividade Física,Consumo de Alimentos Frescos,Fuma,Bebida Alcoólica,Acesso a Serviços de Saúde,Frequência de Uso de Serviços de Saúde,Satisfação com Serviços de Saúde,Qualidade de Vida,Problemas na Comunidade
18-29 anos,Masculino,Solteiro(a),Ensino médio completo,Empregado(a),3-5 salários mínimos,Bom,"Hipertensão arterial, Nenhuma das opções acima",7-8 horas,3 refeições,Algumas vezes por semana,Diariamente,Não,"Sim, ocasionalmente",Sim,Ocasionalmente,"Sim, satisfeito",Boa,"Desemprego, Acesso limitado à educação"
30-39 anos,Feminino,Casado(a) / União estável,Ensino superior incompleto,Empregado(a),6-10 salários mínimos,Muito bom,Nenhuma das opções acima,5-6 horas,3 refeições,Diariamente,Algumas vezes por semana,Não,Não,Sim,Regularmente,"Sim, muito satisfeito",Muito boa,Falta de saneamento básico
40-49 anos,Masculino,Divorciado(a) / Separado(a),Ensino médio completo,Autônomo(a),1-2 salários mínimos,Regular,"Hipertensão arterial, Diabetes",Menos de 5 horas,2 refeições,Raramente,Raramente,"Sim, diariamente","Sim, ocasionalmente",Não,Raramente,"Não, insatisfeito",Regular,"Violência, Desemprego"
50-59 anos,Feminino,Casado(a) / União estável,Ensino superior completo,Aposentado(a),Mais de 10 salários mínimos,Bom,"Doença cardíaca, Doença pulmonar crônica",7-8 horas,3 refeições,Algumas vezes por semana,Algumas vezes por semana,Não,"Sim, ocasionalmente",Sim,Ocasionalmente,"Sim, satisfeito",Boa,Acesso limitado a serviços de saúde
60 anos ou mais,Prefiro não dizer,Viúvo(a),Ensino fundamental completo,Desempregado(a),Menos de 1 salário mínimo,Ruim,"Depressão, Câncer",Menos de 5 horas,1 refeição,Nunca,Nunca,"Sim, diariamente","Sim, diariamente",Não,Nunca,"Não, muito insatisfeito",Ruim,Falta de transporte público
